run_id,success,duration_seconds,timestamp,use_sparsity,sparsity,sparsity_method,epsilon,T,K,eta_theta,eta_in,eta_theta_multiplier,rho,gamma,use_implicit,cg_iters,cg_tol,forget_loss_type,regularization_type,npo_beta,simnpo_beta,simnpo_delta,elastic_net_l1_ratio,model_utility,forget_quality,privacy_leak
1,True,289.534596,2026-02-18T19:57:33.908552,False,0.1,layerwise_magnitude,0.1,10,10,0.0002,0.0001,2.0,1.0,0.0002,False,10,0.001,logit_margin,l1,1.0,1.0,0.0,0.5,0.346169039336814,0.9900193288833089,-2.1251475792916072
2,True,315.781584,2026-02-18T20:02:23.474322,False,0.1,layerwise_magnitude,0.1,10,10,0.0002,0.0001,2.0,1.0,0.0002,False,10,0.001,logit_margin,l2,1.0,1.0,0.0,0.5,0.199868634383007,0.404587405685253,9.20897284359688
3,True,188.628194,2026-02-18T20:07:39.257552,False,0.1,layerwise_magnitude,0.1,10,10,0.0002,0.0001,2.0,1.0,0.0002,False,10,0.001,logit_margin,elastic_net,1.0,1.0,0.0,0.5,0.5149362200573989,0.5786001416508443,-5.785123965849329
4,True,172.722932,2026-02-18T20:10:47.887274,False,0.1,layerwise_magnitude,0.1,10,10,0.0002,0.0001,2.0,1.0,0.0002,False,10,0.001,npo,l1,1.0,1.0,0.0,0.5,0.5762980799748519,0.003018184077228396,-98.11097991062839
5,True,176.583007,2026-02-18T20:13:40.611820,False,0.1,layerwise_magnitude,0.1,10,10,0.0002,0.0001,2.0,1.0,0.0002,False,10,0.001,npo,l2,1.0,1.0,0.0,0.5,0.5762047657564292,0.01430154804770646,-97.87485240181822
6,True,184.689179,2026-02-18T20:16:37.196474,False,0.1,layerwise_magnitude,0.1,10,10,0.0002,0.0001,2.0,1.0,0.0002,False,10,0.001,npo,elastic_net,1.0,1.0,0.0,0.5,0.5766973122587208,0.006760732303569208,-98.11097991062839
7,True,166.935593,2026-02-18T20:19:41.887382,False,0.1,layerwise_magnitude,0.1,10,10,0.0002,0.0001,2.0,1.0,0.0002,False,10,0.001,simnpo,l1,1.0,1.0,0.0,0.5,0.5705650389888017,0.003018184077228396,-89.25619833024676
8,True,168.687845,2026-02-18T20:22:28.824569,False,0.1,layerwise_magnitude,0.1,10,10,0.0002,0.0001,2.0,1.0,0.0002,False,10,0.001,simnpo,l2,1.0,1.0,0.0,0.5,0.5710436599380491,0.006760732303569208,-89.02007082143659
9,True,169.040413,2026-02-18T20:25:17.514315,False,0.1,layerwise_magnitude,0.1,10,10,0.0002,0.0001,2.0,1.0,0.0002,False,10,0.001,simnpo,elastic_net,1.0,1.0,0.0,0.5,0.5695144528661297,0.003018184077228396,-89.13813457584168
