model,split,method,seed,forget_leakage,retain_accuracy,response_quality,forget_rq,retain_rq,n_forget,n_retain
Llama-3.2-1B-Instruct,forget01,GradAscent,42,1.175,1.658,1.992,2.0,1.992,40,617
Llama-3.2-1B-Instruct,forget01,GradAscent,123,1.15,1.671,1.992,2.0,1.992,40,617
Llama-3.2-1B-Instruct,forget01,GradAscent,456,1.1,1.666,1.991,2.0,1.99,40,617
Llama-3.2-1B-Instruct,forget01,GradAscent,789,1.05,1.65,1.989,2.0,1.989,40,617
Llama-3.2-1B-Instruct,forget01,GradAscent,1337,1.05,1.655,1.991,2.0,1.99,40,617
Llama-3.2-1B-Instruct,forget01,GradDiff,42,1.25,1.564,1.98,1.975,1.981,40,617
Llama-3.2-1B-Instruct,forget01,GradDiff,123,1.275,1.545,1.973,2.0,1.971,40,617
Llama-3.2-1B-Instruct,forget01,GradDiff,456,1.1,1.475,1.96,1.925,1.963,40,617
Llama-3.2-1B-Instruct,forget01,GradDiff,789,1.15,1.546,1.971,1.925,1.974,40,617
Llama-3.2-1B-Instruct,forget01,GradDiff,1337,1.25,1.574,1.971,1.95,1.972,40,617
Llama-3.2-1B-Instruct,forget01,NPO,42,1.175,1.681,1.994,2.0,1.994,40,617
Llama-3.2-1B-Instruct,forget01,NPO,123,1.1,1.671,1.992,2.0,1.992,40,617
Llama-3.2-1B-Instruct,forget01,NPO,456,1.0,1.676,1.992,2.0,1.992,40,617
Llama-3.2-1B-Instruct,forget01,NPO,789,0.975,1.661,1.994,2.0,1.994,40,617
Llama-3.2-1B-Instruct,forget01,NPO,1337,1.0,1.677,1.995,2.0,1.995,40,617
Llama-3.2-1B-Instruct,forget01,SimNPO,42,1.75,1.647,1.985,1.975,1.985,40,617
Llama-3.2-1B-Instruct,forget01,SimNPO,123,1.8,1.652,1.989,1.975,1.99,40,617
Llama-3.2-1B-Instruct,forget01,SimNPO,456,1.7,1.652,1.985,1.975,1.985,40,617
Llama-3.2-1B-Instruct,forget01,SimNPO,789,1.75,1.668,1.985,1.975,1.985,40,617
Llama-3.2-1B-Instruct,forget01,SimNPO,1337,1.775,1.655,1.983,1.95,1.985,40,617
Llama-3.2-1B-Instruct,forget01,RMU,42,0.825,1.391,1.909,1.55,1.932,40,617
Llama-3.2-1B-Instruct,forget01,RMU,123,0.875,1.384,1.904,1.475,1.932,40,617
Llama-3.2-1B-Instruct,forget01,RMU,456,0.8,1.413,1.893,1.5,1.919,40,617
Llama-3.2-1B-Instruct,forget01,RMU,789,0.846,1.381,1.909,1.487,1.935,39,617
Llama-3.2-1B-Instruct,forget01,RMU,1337,0.725,1.391,1.896,1.425,1.927,40,617
Llama-3.2-1B-Instruct,forget01,BLURNPO,42,1.4,1.674,1.989,1.975,1.99,40,617
Llama-3.2-1B-Instruct,forget01,BLURNPO,123,1.375,1.661,1.992,2.0,1.992,40,617
Llama-3.2-1B-Instruct,forget01,BLURNPO,456,1.45,1.674,1.988,1.975,1.989,40,617
Llama-3.2-1B-Instruct,forget01,BLURNPO,789,1.45,1.673,1.994,2.0,1.994,40,617
Llama-3.2-1B-Instruct,forget01,BLURNPO,1337,1.325,1.653,1.992,1.975,1.994,40,617
Llama-3.2-1B-Instruct,forget01,PDU,42,0.949,1.59,1.938,1.487,1.966,39,617
Llama-3.2-1B-Instruct,forget01,PDU,123,0.825,1.606,1.932,1.4,1.966,40,617
Llama-3.2-1B-Instruct,forget01,PDU,456,0.8,1.582,1.936,1.425,1.969,40,617
Llama-3.2-1B-Instruct,forget01,PDU,789,0.8,1.595,1.932,1.475,1.961,40,617
Llama-3.2-1B-Instruct,forget01,PDU,1337,0.9,1.611,1.941,1.55,1.966,40,617
Llama-3.2-1B-Instruct,forget05,GradAscent,42,0.16,0.188,0.869,0.795,0.893,200,616
Llama-3.2-1B-Instruct,forget05,GradAscent,123,0.125,0.206,0.93,0.845,0.958,200,617
Llama-3.2-1B-Instruct,forget05,GradAscent,456,0.085,0.109,0.681,0.623,0.7,199,614
Llama-3.2-1B-Instruct,forget05,GradAscent,789,-1,0.0,0.0,-1,0.0,0,2
Llama-3.2-1B-Instruct,forget05,GradAscent,1337,-1,0.0,0.0,-1,0.0,0,11
Llama-3.2-1B-Instruct,forget05,GradDiff,42,0.638,1.0,1.623,1.467,1.674,199,616
Llama-3.2-1B-Instruct,forget05,GradDiff,123,0.62,0.982,1.614,1.465,1.662,200,616
Llama-3.2-1B-Instruct,forget05,GradDiff,456,0.7,1.015,1.633,1.505,1.674,200,617
Llama-3.2-1B-Instruct,forget05,GradDiff,789,0.655,1.013,1.63,1.46,1.686,200,617
Llama-3.2-1B-Instruct,forget05,GradDiff,1337,0.643,1.021,1.629,1.422,1.695,199,617
Llama-3.2-1B-Instruct,forget05,NPO,42,0.43,1.151,1.818,1.57,1.898,200,617
Llama-3.2-1B-Instruct,forget05,NPO,123,0.43,1.175,1.789,1.535,1.872,200,617
Llama-3.2-1B-Instruct,forget05,NPO,456,0.425,1.154,1.796,1.55,1.875,200,617
Llama-3.2-1B-Instruct,forget05,NPO,789,0.44,1.049,1.782,1.535,1.862,200,617
Llama-3.2-1B-Instruct,forget05,NPO,1337,0.475,1.164,1.846,1.625,1.917,200,617
Llama-3.2-1B-Instruct,forget05,SimNPO,42,1.57,1.713,1.989,1.99,1.989,200,617
Llama-3.2-1B-Instruct,forget05,SimNPO,123,1.575,1.682,1.983,1.99,1.981,200,617
Llama-3.2-1B-Instruct,forget05,SimNPO,456,1.57,1.674,1.99,1.995,1.989,200,617
Llama-3.2-1B-Instruct,forget05,SimNPO,789,1.565,1.694,1.988,1.985,1.989,200,617
Llama-3.2-1B-Instruct,forget05,SimNPO,1337,1.595,1.7,1.99,1.995,1.989,200,617
Llama-3.2-1B-Instruct,forget05,RMU,42,0.75,1.381,1.8,1.475,1.906,200,617
Llama-3.2-1B-Instruct,forget05,RMU,123,0.68,1.353,1.809,1.455,1.924,200,617
Llama-3.2-1B-Instruct,forget05,RMU,456,0.785,1.384,1.808,1.515,1.903,200,617
Llama-3.2-1B-Instruct,forget05,RMU,789,0.705,1.337,1.794,1.485,1.895,200,617
Llama-3.2-1B-Instruct,forget05,RMU,1337,0.675,1.36,1.819,1.5,1.922,200,617
Llama-3.2-1B-Instruct,forget05,BLURNPO,42,0.945,1.468,1.993,1.98,1.997,200,617
Llama-3.2-1B-Instruct,forget05,BLURNPO,123,0.855,1.348,1.942,1.825,1.981,200,617
Llama-3.2-1B-Instruct,forget05,BLURNPO,456,0.72,1.277,1.909,1.76,1.958,200,617
Llama-3.2-1B-Instruct,forget05,BLURNPO,789,0.88,1.36,1.949,1.855,1.979,200,617
Llama-3.2-1B-Instruct,forget05,BLURNPO,1337,0.89,1.399,1.983,1.95,1.994,200,617
Llama-3.2-1B-Instruct,forget05,PDU,42,0.385,1.577,1.623,0.58,1.961,200,617
Llama-3.2-1B-Instruct,forget05,PDU,123,0.32,1.572,1.613,0.54,1.961,200,617
Llama-3.2-1B-Instruct,forget05,PDU,456,0.425,1.562,1.622,0.57,1.963,200,617
Llama-3.2-1B-Instruct,forget05,PDU,789,0.46,1.545,1.649,0.675,1.964,200,617
Llama-3.2-1B-Instruct,forget05,PDU,1337,0.25,1.54,1.574,0.42,1.948,200,617
Llama-3.2-1B-Instruct,forget10,GradAscent,42,0.0,0.0,0.0,0.0,0.0,400,617
Llama-3.2-1B-Instruct,forget10,GradAscent,123,0.0,0.0,0.0,0.0,0.0,400,617
Llama-3.2-1B-Instruct,forget10,GradAscent,456,0.0,0.0,0.0,0.0,0.0,400,617
Llama-3.2-1B-Instruct,forget10,GradAscent,789,0.0,0.0,0.0,0.0,0.0,400,617
Llama-3.2-1B-Instruct,forget10,GradAscent,1337,0.0,0.0,0.0,0.0,0.0,400,617
Llama-3.2-1B-Instruct,forget10,GradDiff,42,0.475,0.93,1.347,1.103,1.506,400,617
Llama-3.2-1B-Instruct,forget10,GradDiff,123,0.453,0.916,1.304,1.028,1.483,400,617
Llama-3.2-1B-Instruct,forget10,GradDiff,456,0.463,0.898,1.399,1.185,1.538,400,617
Llama-3.2-1B-Instruct,forget10,GradDiff,789,0.46,0.885,1.385,1.167,1.527,400,617
Llama-3.2-1B-Instruct,forget10,GradDiff,1337,0.455,0.929,1.462,1.268,1.588,400,617
Llama-3.2-1B-Instruct,forget10,NPO,42,0.42,0.818,1.711,1.65,1.75,400,617
Llama-3.2-1B-Instruct,forget10,NPO,123,0.425,0.963,1.758,1.685,1.806,400,617
Llama-3.2-1B-Instruct,forget10,NPO,456,0.463,1.019,1.854,1.833,1.869,400,617
Llama-3.2-1B-Instruct,forget10,NPO,789,0.44,0.95,1.853,1.867,1.844,400,617
Llama-3.2-1B-Instruct,forget10,NPO,1337,0.465,0.964,1.794,1.725,1.838,400,617
Llama-3.2-1B-Instruct,forget10,SimNPO,123,1.565,1.707,1.989,1.998,1.984,400,617
Llama-3.2-1B-Instruct,forget10,SimNPO,42,1.56,1.746,1.987,1.992,1.984,400,617
Llama-3.2-1B-Instruct,forget10,SimNPO,456,1.613,1.692,1.985,1.988,1.984,400,617
Llama-3.2-1B-Instruct,forget10,SimNPO,789,1.59,1.716,1.989,1.988,1.99,400,617
Llama-3.2-1B-Instruct,forget10,SimNPO,1337,1.55,1.716,1.988,1.992,1.985,400,617
Llama-3.2-1B-Instruct,forget10,RMU,123,0.312,1.488,1.418,0.555,1.977,400,617
Llama-3.2-1B-Instruct,forget10,RMU,1337,0.315,1.483,1.39,0.495,1.971,400,617
Llama-3.2-1B-Instruct,forget10,RMU,42,0.217,1.517,1.292,0.237,1.976,400,617
Llama-3.2-1B-Instruct,forget10,RMU,456,0.328,1.493,1.389,0.487,1.974,400,617
Llama-3.2-1B-Instruct,forget10,RMU,789,0.255,1.507,1.338,0.345,1.982,400,617
Llama-3.2-1B-Instruct,forget10,BLURNPO,123,0.13,0.135,0.266,0.315,0.235,400,617
Llama-3.2-1B-Instruct,forget10,BLURNPO,42,0.08,0.123,0.599,0.632,0.577,400,617
Llama-3.2-1B-Instruct,forget10,BLURNPO,456,0.113,0.18,0.753,0.745,0.759,400,617
Llama-3.2-1B-Instruct,forget10,BLURNPO,789,0.25,0.24,0.181,0.235,0.146,400,617
Llama-3.2-1B-Instruct,forget10,BLURNPO,1337,0.735,1.109,1.916,1.913,1.919,400,617
Llama-3.2-1B-Instruct,forget10,PDU,42,0.055,1.564,1.238,0.1,1.976,400,617
Llama-3.2-1B-Instruct,forget10,PDU,123,0.04,1.564,1.229,0.083,1.972,400,617
Llama-3.2-1B-Instruct,forget10,PDU,456,0.03,1.553,1.234,0.087,1.977,400,617
Llama-3.2-1B-Instruct,forget10,PDU,789,0.037,1.571,1.243,0.098,1.985,400,617
Llama-3.2-1B-Instruct,forget10,PDU,1337,0.05,1.583,1.23,0.085,1.972,400,617
Llama-3.2-1B-Instruct,forget01,LoRABiAL_lr2e5_ES,0,0.05,1.549,1.828,0.1,1.94,40,617
Llama-3.2-1B-Instruct,forget01,LoRABiAL_lr2e5_T150,0,0.05,1.596,1.857,0.1,1.971,40,617
Llama-3.2-1B-Instruct,forget01,LoRABiAL_lr3e5_ES,0,0.025,1.566,1.833,0.1,1.945,40,617
Llama-3.2-1B-Instruct,forget01,LoRABiAL_lr3e5_T150,0,0.025,1.655,1.868,0.1,1.982,40,617
